cavityPDB,surfN,hbS,acceptorS,donorS,bindS,depS,comment,volN,hbV,acceptorV,donorV,bindV,depV,areaV,pkdMax,pkdAve,drugScore
thischains_cavity_6.pdb,601,51,216,308,443,9,o,1413,248,402,789,1025,5,298,8.23,5.44,-1086.00
thischains_cavity_1.pdb,1464,53,336,738,908,16,o,4072,303,642,1812,2148,10,487,10.39,6.18,-558.00
thischains_cavity_12.pdb,511,76,168,201,364,8,o,909,429,327,386,789,4,241,6.72,4.92,-1218.00
thischains_cavity_2.pdb,1007,0,322,486,658,12,o,3115,35,640,1292,1547,10,535,9.65,5.93,-1013.00
thischains_cavity_13.pdb,628,16,181,203,314,9,o,1359,238,362,562,879,4,286,6.52,4.85,-1109.00
thischains_cavity_11.pdb,914,52,290,313,528,10,o,1907,256,612,796,1228,8,327,6.94,5.00,-864.00
thischains_cavity_4.pdb,1312,150,318,652,872,12,o,3440,496,673,1614,2166,7,655,8.53,5.54,-830.00
thischains_cavity_3.pdb,1147,80,128,478,556,12,o,2799,1198,379,1313,2002,9,480,8.72,5.61,-172.00
thischains_cavity_5.pdb,951,0,334,403,565,12,o,2472,188,699,1038,1494,10,413,8.48,5.53,-889.00
thischains_cavity_7.pdb,965,92,215,254,432,14,o,2021,898,517,634,1448,10,312,8.20,5.43,-283.00
thischains_cavity_10.pdb,925,35,179,412,478,10,o,2158,410,357,951,1324,4,491,6.96,5.00,-1114.00
thischains_cavity_8.pdb,1046,29,322,516,637,14,o,2523,137,688,1272,1577,10,420,8.00,5.36,-913.00
thischains_cavity_9.pdb,780,45,138,384,438,11,o,1645,523,213,806,1177,4,308,7.91,5.33,-749.00
thischains_cavity_14.pdb,836,3,197,312,428,13,o,1592,0,455,712,930,10,327,5.63,4.55,-1232.00
